id;project;connector_type;t;delta_t;url;redirect_url;response_size;response_code;success;error
0;mapping_jobposting;requests;1566382814.420634;-0.4893779754638672;https://www.imdb.com/chart/top;https://www.imdb.com/chart/top;481436;200;True;
1;LOL;requests;1566394314.2116249;-1.9892449378967285;https://www.imdb.com//title/tt0266697/;https://www.imdb.com//title/tt0266697/;231342;200;True;
2;LOL;requests;1566394316.9616902;-0.8607308864593506;https://www.imdb.com//title/tt0108052/;https://www.imdb.com//title/tt0108052/;226426;200;True;
3;LOL;requests;1566394318.482122;-0.7577342987060547;https://www.imdb.com//title/tt0469494/;https://www.imdb.com//title/tt0469494/;223032;200;True;
4;LOL;requests;1566394319.941272;-1.9356858730316162;https://www.imdb.com//title/tt0097165/;https://www.imdb.com//title/tt0097165/;219771;200;True;
5;LOL;requests;1566394322.5434968;-0.7241721153259277;https://www.imdb.com//title/tt1979320/;https://www.imdb.com//title/tt1979320/;222953;200;True;
6;LOL;requests;1566394323.92875;-0.6517300605773926;https://www.imdb.com//title/tt0367110/;https://www.imdb.com//title/tt0367110/;236316;200;True;
7;LOL;requests;1566394325.264791;-0.673227071762085;https://www.imdb.com//title/tt0119217/;https://www.imdb.com//title/tt0119217/;221449;200;True;
8;LOL;requests;1566394326.609969;-0.6590759754180908;https://www.imdb.com//title/tt0057012/;https://www.imdb.com//title/tt0057012/;228636;200;True;
9;LOL;requests;1566394327.998376;-1.148205041885376;https://www.imdb.com//title/tt0075314/;https://www.imdb.com//title/tt0075314/;228036;200;True;
10;LOL;requests;1566394329.802371;-0.9912760257720947;https://www.imdb.com//title/tt2380307/;https://www.imdb.com//title/tt2380307/;227346;200;True;
11;LOL;requests;1566394331.483926;-1.128087043762207;https://www.imdb.com//title/tt0114709/;https://www.imdb.com//title/tt0114709/;230388;200;True;
12;LOL;requests;1566394333.286016;-1.0906779766082764;https://www.imdb.com//title/tt0076759/;https://www.imdb.com//title/tt0076759/;232089;200;True;
13;LOL;requests;1566394335.120995;-0.689816951751709;https://www.imdb.com//title/tt0058946/;https://www.imdb.com//title/tt0058946/;214243;200;True;
14;LOL;requests;1566394336.533565;-0.5738961696624756;https://www.imdb.com//title/tt0120382/;https://www.imdb.com//title/tt0120382/;225699;200;True;
15;LOL;requests;1566394337.7722712;-1.1238157749176025;https://www.imdb.com//title/tt2106476/;https://www.imdb.com//title/tt2106476/;218231;200;True;
16;LOL;requests;1566394451.415872;-0.7113478183746338;https://www.imdb.com//title/tt0266697/;https://www.imdb.com//title/tt0266697/;229771;200;True;
17;LOL;requests;1566394452.7696772;-2.4440839290618896;https://www.imdb.com//title/tt0108052/;https://www.imdb.com//title/tt0108052/;227313;200;True;
18;LOL;requests;1566394455.8583019;-0.8299601078033447;https://www.imdb.com//title/tt0469494/;https://www.imdb.com//title/tt0469494/;223029;200;True;
19;LOL;requests;1566394457.380061;-0.5656571388244629;https://www.imdb.com//title/tt0097165/;https://www.imdb.com//title/tt0097165/;221182;200;True;
20;LOL;requests;1566394458.574108;-0.6044442653656006;https://www.imdb.com//title/tt1979320/;https://www.imdb.com//title/tt1979320/;224807;200;True;
21;LOL;requests;1566394459.817787;-0.6166539192199707;https://www.imdb.com//title/tt0367110/;https://www.imdb.com//title/tt0367110/;236704;200;True;
22;LOL;requests;1566394461.087827;-0.5912408828735352;https://www.imdb.com//title/tt0119217/;https://www.imdb.com//title/tt0119217/;220678;200;True;
23;LOL;requests;1566394462.375346;-0.9286229610443115;https://www.imdb.com//title/tt0057012/;https://www.imdb.com//title/tt0057012/;228551;200;True;
24;LOL;requests;1566394463.9447029;-0.7923479080200195;https://www.imdb.com//title/tt0075314/;https://www.imdb.com//title/tt0075314/;228147;200;True;
25;LOL;requests;1566394465.376665;-0.7122979164123535;https://www.imdb.com//title/tt2380307/;https://www.imdb.com//title/tt2380307/;227259;200;True;
26;LOL;requests;1566394466.724725;-0.7472817897796631;https://www.imdb.com//title/tt0114709/;https://www.imdb.com//title/tt0114709/;229430;200;True;
27;LOL;requests;1566394468.110868;-0.7535610198974609;https://www.imdb.com//title/tt0076759/;https://www.imdb.com//title/tt0076759/;231288;200;True;
28;LOL;requests;1566394469.571193;-0.8824059963226318;https://www.imdb.com//title/tt0058946/;https://www.imdb.com//title/tt0058946/;213997;200;True;
29;LOL;requests;1566394471.0888698;-0.5690081119537354;https://www.imdb.com//title/tt0120382/;https://www.imdb.com//title/tt0120382/;226123;200;True;
30;LOL;requests;1566394472.294535;-0.5571088790893555;https://www.imdb.com//title/tt2106476/;https://www.imdb.com//title/tt2106476/;218205;200;True;
31;LOL;requests;1566394486.1630552;-0.6329998970031738;https://www.imdb.com//title/tt0266697/;https://www.imdb.com//title/tt0266697/;230143;200;True;
32;LOL;requests;1566394487.441901;-0.5909700393676758;https://www.imdb.com//title/tt0108052/;https://www.imdb.com//title/tt0108052/;226107;200;True;
33;LOL;requests;1566394488.748648;-0.7060191631317139;https://www.imdb.com//title/tt0469494/;https://www.imdb.com//title/tt0469494/;222839;200;True;
34;LOL;requests;1566394490.088255;-1.0798358917236328;https://www.imdb.com//title/tt0097165/;https://www.imdb.com//title/tt0097165/;223495;200;True;
35;LOL;requests;1566394491.801738;-0.7950210571289062;https://www.imdb.com//title/tt1979320/;https://www.imdb.com//title/tt1979320/;223044;200;True;
36;LOL;requests;1566394493.2313468;-0.829883337020874;https://www.imdb.com//title/tt0367110/;https://www.imdb.com//title/tt0367110/;236389;200;True;
37;LOL;requests;1566394494.6977222;-0.5631768703460693;https://www.imdb.com//title/tt0119217/;https://www.imdb.com//title/tt0119217/;223119;200;True;
38;LOL;requests;1566394495.959587;-0.6199870109558105;https://www.imdb.com//title/tt0057012/;https://www.imdb.com//title/tt0057012/;228648;200;True;
39;LOL;requests;1566394497.2168908;-0.8710141181945801;https://www.imdb.com//title/tt0075314/;https://www.imdb.com//title/tt0075314/;229312;200;True;
40;LOL;requests;1566394498.724236;-0.7293450832366943;https://www.imdb.com//title/tt2380307/;https://www.imdb.com//title/tt2380307/;228461;200;True;
41;LOL;requests;1566394500.08728;-0.7961199283599854;https://www.imdb.com//title/tt0114709/;https://www.imdb.com//title/tt0114709/;229937;200;True;
42;LOL;requests;1566394501.5864131;-0.9509077072143555;https://www.imdb.com//title/tt0076759/;https://www.imdb.com//title/tt0076759/;231868;200;True;
43;LOL;requests;1566394503.180118;-0.5813210010528564;https://www.imdb.com//title/tt0058946/;https://www.imdb.com//title/tt0058946/;212423;200;True;
44;LOL;requests;1566394504.399534;-0.6324927806854248;https://www.imdb.com//title/tt0120382/;https://www.imdb.com//title/tt0120382/;227694;200;True;
45;LOL;requests;1566394505.666261;-0.9729821681976318;https://www.imdb.com//title/tt2106476/;https://www.imdb.com//title/tt2106476/;217958;200;True;
46;LOL;requests;1566394547.11656;-0.9805960655212402;https://www.imdb.com//title/tt0266697/;https://www.imdb.com//title/tt0266697/;230560;200;True;
47;LOL;requests;1566394548.795912;-0.5731990337371826;https://www.imdb.com//title/tt0108052/;https://www.imdb.com//title/tt0108052/;226069;200;True;
48;LOL;requests;1566394550.021606;-0.7230079174041748;https://www.imdb.com//title/tt0469494/;https://www.imdb.com//title/tt0469494/;222497;200;True;
49;LOL;requests;1566394551.377707;-0.5625729560852051;https://www.imdb.com//title/tt0097165/;https://www.imdb.com//title/tt0097165/;223863;200;True;
50;LOL;requests;1566394552.574062;-0.63106369972229;https://www.imdb.com//title/tt1979320/;https://www.imdb.com//title/tt1979320/;223067;200;True;
51;LOL;requests;1566394553.840241;-0.6363170146942139;https://www.imdb.com//title/tt0367110/;https://www.imdb.com//title/tt0367110/;236672;200;True;
52;LOL;requests;1566394555.180467;-0.5586071014404297;https://www.imdb.com//title/tt0119217/;https://www.imdb.com//title/tt0119217/;220567;200;True;
53;LOL;requests;1566394556.37021;-0.578057050704956;https://www.imdb.com//title/tt0057012/;https://www.imdb.com//title/tt0057012/;234663;200;True;
54;LOL;requests;1566394557.5826392;-0.5710067749023438;https://www.imdb.com//title/tt0075314/;https://www.imdb.com//title/tt0075314/;230950;200;True;
55;LOL;requests;1566394558.786956;-0.7485277652740479;https://www.imdb.com//title/tt2380307/;https://www.imdb.com//title/tt2380307/;228620;200;True;
56;LOL;requests;1566394560.235778;-0.7533948421478271;https://www.imdb.com//title/tt0114709/;https://www.imdb.com//title/tt0114709/;230430;200;True;
57;LOL;requests;1566394561.6272728;-0.7557811737060547;https://www.imdb.com//title/tt0076759/;https://www.imdb.com//title/tt0076759/;230700;200;True;
58;LOL;requests;1566394563.019774;-0.6196720600128174;https://www.imdb.com//title/tt0058946/;https://www.imdb.com//title/tt0058946/;211921;200;True;
59;LOL;requests;1566394564.2619562;-2.057440996170044;https://www.imdb.com//title/tt0120382/;https://www.imdb.com//title/tt0120382/;225607;200;True;
60;LOL;requests;1566394566.964617;-0.6234030723571777;https://www.imdb.com//title/tt2106476/;https://www.imdb.com//title/tt2106476/;217910;200;True;
61;LOL;requests;1566395250.791051;-0.8941099643707275;https://www.imdb.com//title/tt0266697/;https://www.imdb.com//title/tt0266697/;231304;200;True;
62;LOL;requests;1566395252.3506508;-0.693183422088623;https://www.imdb.com//title/tt0108052/;https://www.imdb.com//title/tt0108052/;226985;200;True;
63;LOL;requests;1566395253.702667;-0.7253670692443848;https://www.imdb.com//title/tt0469494/;https://www.imdb.com//title/tt0469494/;222781;200;True;
64;LOL;requests;1566395255.073354;-0.656379222869873;https://www.imdb.com//title/tt0097165/;https://www.imdb.com//title/tt0097165/;223360;200;True;
65;LOL;requests;1566395256.469326;-0.7415270805358887;https://www.imdb.com//title/tt1979320/;https://www.imdb.com//title/tt1979320/;225179;200;True;
66;LOL;requests;1566395257.8575912;-0.677271842956543;https://www.imdb.com//title/tt0367110/;https://www.imdb.com//title/tt0367110/;237425;200;True;
67;LOL;requests;1566395259.1991758;-0.5510451793670654;https://www.imdb.com//title/tt0119217/;https://www.imdb.com//title/tt0119217/;220345;200;True;
68;LOL;requests;1566395260.464017;-0.5821421146392822;https://www.imdb.com//title/tt0057012/;https://www.imdb.com//title/tt0057012/;230339;200;True;
69;LOL;requests;1566395261.7091289;-0.7340669631958008;https://www.imdb.com//title/tt0075314/;https://www.imdb.com//title/tt0075314/;229914;200;True;
70;LOL;requests;1566395263.182476;-1.032033920288086;https://www.imdb.com//title/tt2380307/;https://www.imdb.com//title/tt2380307/;228531;200;True;
71;LOL;requests;1566395264.868154;-0.8427588939666748;https://www.imdb.com//title/tt0114709/;https://www.imdb.com//title/tt0114709/;231825;200;True;
72;LOL;requests;1566395266.360929;-1.242264986038208;https://www.imdb.com//title/tt0076759/;https://www.imdb.com//title/tt0076759/;231577;200;True;
73;LOL;requests;1566395268.25018;-0.7751569747924805;https://www.imdb.com//title/tt0058946/;https://www.imdb.com//title/tt0058946/;212827;200;True;
74;LOL;requests;1566395269.668073;-0.6948421001434326;https://www.imdb.com//title/tt0120382/;https://www.imdb.com//title/tt0120382/;224734;200;True;
75;LOL;requests;1566395271.0729249;-0.5145101547241211;https://www.imdb.com//title/tt2106476/;https://www.imdb.com//title/tt2106476/;217498;200;True;
76;LOL;requests;1566395272.267114;-0.5861272811889648;https://www.imdb.com//title/tt0266697/;https://www.imdb.com//title/tt0266697/;232721;200;True;
77;LOL;requests;1566395273.503005;-0.6339879035949707;https://www.imdb.com//title/tt0108052/;https://www.imdb.com//title/tt0108052/;227529;200;True;
78;LOL;requests;1566395274.783168;-0.6592099666595459;https://www.imdb.com//title/tt0469494/;https://www.imdb.com//title/tt0469494/;222691;200;True;
79;LOL;requests;1566395276.0881002;-0.5687868595123291;https://www.imdb.com//title/tt0097165/;https://www.imdb.com//title/tt0097165/;223462;200;True;
80;LOL;requests;1566395277.370799;-0.7188138961791992;https://www.imdb.com//title/tt1979320/;https://www.imdb.com//title/tt1979320/;225190;200;True;
81;LOL;requests;1566395278.7359831;-0.6154277324676514;https://www.imdb.com//title/tt0367110/;https://www.imdb.com//title/tt0367110/;235503;200;True;
82;LOL;requests;1566395280.0019798;-0.6368460655212402;https://www.imdb.com//title/tt0119217/;https://www.imdb.com//title/tt0119217/;220423;200;True;
83;LOL;requests;1566395281.2814798;-0.83762526512146;https://www.imdb.com//title/tt0057012/;https://www.imdb.com//title/tt0057012/;229546;200;True;
84;LOL;requests;1566395282.827401;-0.6044449806213379;https://www.imdb.com//title/tt0075314/;https://www.imdb.com//title/tt0075314/;229355;200;True;
85;LOL;requests;1566395284.083028;-0.749384880065918;https://www.imdb.com//title/tt2380307/;https://www.imdb.com//title/tt2380307/;228413;200;True;
86;LOL;requests;1566395285.4806259;-0.6472201347351074;https://www.imdb.com//title/tt0114709/;https://www.imdb.com//title/tt0114709/;231878;200;True;
87;LOL;requests;1566395286.775852;-0.7180440425872803;https://www.imdb.com//title/tt0076759/;https://www.imdb.com//title/tt0076759/;231558;200;True;
88;LOL;requests;1566395288.14575;-0.7741649150848389;https://www.imdb.com//title/tt0058946/;https://www.imdb.com//title/tt0058946/;214395;200;True;
89;LOL;requests;1566395289.624139;-0.5838499069213867;https://www.imdb.com//title/tt0120382/;https://www.imdb.com//title/tt0120382/;222999;200;True;
90;LOL;requests;1566395290.853631;-1.0113580226898193;https://www.imdb.com//title/tt2106476/;https://www.imdb.com//title/tt2106476/;218117;200;True;
91;LOL;requests;1566395366.6506581;-0.6855528354644775;https://www.imdb.com//title/tt0266697/;https://www.imdb.com//title/tt0266697/;231340;200;True;
92;LOL;requests;1566395368.034204;-0.6824538707733154;https://www.imdb.com//title/tt0108052/;https://www.imdb.com//title/tt0108052/;229308;200;True;
93;LOL;requests;1566395369.362726;-0.9737141132354736;https://www.imdb.com//title/tt0469494/;https://www.imdb.com//title/tt0469494/;222609;200;True;
94;LOL;requests;1566395371.098807;-0.6504509449005127;https://www.imdb.com//title/tt0097165/;https://www.imdb.com//title/tt0097165/;225097;200;True;
95;LOL;requests;1566395372.408242;-0.5579719543457031;https://www.imdb.com//title/tt1979320/;https://www.imdb.com//title/tt1979320/;224596;200;True;
96;LOL;requests;1566395373.616779;-0.6491749286651611;https://www.imdb.com//title/tt0367110/;https://www.imdb.com//title/tt0367110/;236060;200;True;
97;LOL;requests;1566395374.930149;-0.5990180969238281;https://www.imdb.com//title/tt0119217/;https://www.imdb.com//title/tt0119217/;220447;200;True;
98;LOL;requests;1566395376.2501838;-0.6182000637054443;https://www.imdb.com//title/tt0057012/;https://www.imdb.com//title/tt0057012/;229207;200;True;
99;LOL;requests;1566395377.696544;-0.8122189044952393;https://www.imdb.com//title/tt0075314/;https://www.imdb.com//title/tt0075314/;229820;200;True;
100;LOL;requests;1566395379.150172;-0.9086811542510986;https://www.imdb.com//title/tt2380307/;https://www.imdb.com//title/tt2380307/;227755;200;True;
101;LOL;requests;1566395380.7060359;-0.7299530506134033;https://www.imdb.com//title/tt0114709/;https://www.imdb.com//title/tt0114709/;230038;200;True;
102;LOL;requests;1566395382.085286;-0.7984302043914795;https://www.imdb.com//title/tt0076759/;https://www.imdb.com//title/tt0076759/;231576;200;True;
103;LOL;requests;1566395383.627769;-0.673321008682251;https://www.imdb.com//title/tt0058946/;https://www.imdb.com//title/tt0058946/;212232;200;True;
104;LOL;requests;1566395384.99727;-1.0452239513397217;https://www.imdb.com//title/tt0120382/;https://www.imdb.com//title/tt0120382/;222349;200;True;
105;LOL;requests;1566395386.682078;-0.669234037399292;https://www.imdb.com//title/tt2106476/;https://www.imdb.com//title/tt2106476/;216717;200;True;
106;LOL;requests;1566395444.6111581;-0.6635079383850098;https://www.imdb.com//title/tt0266697/;https://www.imdb.com//title/tt0266697/;231269;200;True;
107;LOL;requests;1566395445.939602;-0.7028579711914062;https://www.imdb.com//title/tt0108052/;https://www.imdb.com//title/tt0108052/;227577;200;True;
108;LOL;requests;1566395447.3646789;-0.6654939651489258;https://www.imdb.com//title/tt0469494/;https://www.imdb.com//title/tt0469494/;224186;200;True;
109;LOL;requests;1566395448.6852312;-0.8227636814117432;https://www.imdb.com//title/tt0097165/;https://www.imdb.com//title/tt0097165/;223960;200;True;
110;LOL;requests;1566395450.16189;-0.7310731410980225;https://www.imdb.com//title/tt1979320/;https://www.imdb.com//title/tt1979320/;225855;200;True;
111;LOL;requests;1566395451.54911;-0.9852850437164307;https://www.imdb.com//title/tt0367110/;https://www.imdb.com//title/tt0367110/;235538;200;True;
112;LOL;requests;1566395453.2015328;-0.5947830677032471;https://www.imdb.com//title/tt0119217/;https://www.imdb.com//title/tt0119217/;222390;200;True;
113;LOL;requests;1566395454.515668;-0.8105542659759521;https://www.imdb.com//title/tt0057012/;https://www.imdb.com//title/tt0057012/;229589;200;True;
114;LOL;requests;1566395455.981761;-0.5967750549316406;https://www.imdb.com//title/tt0075314/;https://www.imdb.com//title/tt0075314/;229447;200;True;
115;LOL;requests;1566395457.235727;-0.9123039245605469;https://www.imdb.com//title/tt2380307/;https://www.imdb.com//title/tt2380307/;228107;200;True;
116;LOL;requests;1566395458.804713;-0.603234052658081;https://www.imdb.com//title/tt0114709/;https://www.imdb.com//title/tt0114709/;230112;200;True;
117;LOL;requests;1566395460.1260521;-0.8027787208557129;https://www.imdb.com//title/tt0076759/;https://www.imdb.com//title/tt0076759/;228864;200;True;
118;LOL;requests;1566395461.5840929;-0.6021020412445068;https://www.imdb.com//title/tt0058946/;https://www.imdb.com//title/tt0058946/;214091;200;True;
119;LOL;requests;1566395462.83406;-0.7242581844329834;https://www.imdb.com//title/tt0120382/;https://www.imdb.com//title/tt0120382/;222165;200;True;
120;LOL;requests;1566395464.213946;-0.8380508422851562;https://www.imdb.com//title/tt2106476/;https://www.imdb.com//title/tt2106476/;217187;200;True;
121;LOL;requests;1566396137.8109381;-0.7951030731201172;https://www.imdb.com//title/tt0266697/;https://www.imdb.com//title/tt0266697/;230220;200;True;
122;LOL;requests;1566396139.334789;-0.6563050746917725;https://www.imdb.com//title/tt0108052/;https://www.imdb.com//title/tt0108052/;226983;200;True;
123;LOL;requests;1566396140.649385;-0.8942599296569824;https://www.imdb.com//title/tt0469494/;https://www.imdb.com//title/tt0469494/;222115;200;True;
124;LOL;requests;1566396142.201893;-1.0946550369262695;https://www.imdb.com//title/tt0097165/;https://www.imdb.com//title/tt0097165/;218689;200;True;
125;LOL;requests;1566396143.9555469;-1.8361930847167969;https://www.imdb.com//title/tt1979320/;https://www.imdb.com//title/tt1979320/;230456;200;True;
126;LOL;requests;1566396146.468846;-0.6261420249938965;https://www.imdb.com//title/tt0367110/;https://www.imdb.com//title/tt0367110/;235933;200;True;
127;LOL;requests;1566396147.8392699;-0.9854850769042969;https://www.imdb.com//title/tt0119217/;https://www.imdb.com//title/tt0119217/;220561;200;True;
128;LOL;requests;1566396149.477386;-1.490171194076538;https://www.imdb.com//title/tt0057012/;https://www.imdb.com//title/tt0057012/;229732;200;True;
129;LOL;requests;1566396151.651443;-0.7876060009002686;https://www.imdb.com//title/tt0075314/;https://www.imdb.com//title/tt0075314/;226824;200;True;
130;LOL;requests;1566396153.094691;-0.9215140342712402;https://www.imdb.com//title/tt2380307/;https://www.imdb.com//title/tt2380307/;227033;200;True;
131;LOL;requests;1566396154.735877;-0.7165238857269287;https://www.imdb.com//title/tt0114709/;https://www.imdb.com//title/tt0114709/;226159;200;True;
132;LOL;requests;1566396156.110851;-0.6766479015350342;https://www.imdb.com//title/tt0076759/;https://www.imdb.com//title/tt0076759/;230384;200;True;
133;LOL;requests;1566396157.446941;-0.7743020057678223;https://www.imdb.com//title/tt0058946/;https://www.imdb.com//title/tt0058946/;212622;200;True;
134;LOL;requests;1566396158.952426;-0.6119730472564697;https://www.imdb.com//title/tt0120382/;https://www.imdb.com//title/tt0120382/;224030;200;True;
135;LOL;requests;1566396160.23088;-0.6180338859558105;https://www.imdb.com//title/tt2106476/;https://www.imdb.com//title/tt2106476/;217414;200;True;
136;LOL;requests;1566396505.114848;-1.1004080772399902;https://www.imdb.com//title/tt0266697/;https://www.imdb.com//title/tt0266697/;229965;200;True;
137;LOL;requests;1566396506.877409;-0.7632791996002197;https://www.imdb.com//title/tt0108052/;https://www.imdb.com//title/tt0108052/;223168;200;True;
138;LOL;requests;1566396508.300001;-0.713670015335083;https://www.imdb.com//title/tt0469494/;https://www.imdb.com//title/tt0469494/;222173;200;True;
139;LOL;requests;1566396509.671149;-0.8196449279785156;https://www.imdb.com//title/tt0097165/;https://www.imdb.com//title/tt0097165/;219417;200;True;
140;LOL;requests;1566396511.145783;-1.0157890319824219;https://www.imdb.com//title/tt1979320/;https://www.imdb.com//title/tt1979320/;229576;200;True;
141;LOL;requests;1566396512.8871522;-1.3733079433441162;https://www.imdb.com//title/tt0367110/;https://www.imdb.com//title/tt0367110/;236898;200;True;
142;LOL;requests;1566396514.923854;-0.6500089168548584;https://www.imdb.com//title/tt0119217/;https://www.imdb.com//title/tt0119217/;222045;200;True;
143;LOL;requests;1566396516.235026;-0.8679821491241455;https://www.imdb.com//title/tt0057012/;https://www.imdb.com//title/tt0057012/;231082;200;True;
144;LOL;requests;1566396517.7681139;-1.000690221786499;https://www.imdb.com//title/tt0075314/;https://www.imdb.com//title/tt0075314/;227125;200;True;
145;LOL;requests;1566396519.49238;-1.1610369682312012;https://www.imdb.com//title/tt2380307/;https://www.imdb.com//title/tt2380307/;227828;200;True;
146;LOL;requests;1566396521.3234088;-0.8699913024902344;https://www.imdb.com//title/tt0114709/;https://www.imdb.com//title/tt0114709/;226916;200;True;
147;LOL;requests;1566396522.848654;-1.2809758186340332;https://www.imdb.com//title/tt0076759/;https://www.imdb.com//title/tt0076759/;229055;200;True;
148;LOL;requests;1566396524.7915719;-0.5899691581726074;https://www.imdb.com//title/tt0058946/;https://www.imdb.com//title/tt0058946/;210639;200;True;
149;LOL;requests;1566396526.033334;-0.6102950572967529;https://www.imdb.com//title/tt0120382/;https://www.imdb.com//title/tt0120382/;221490;200;True;
150;LOL;requests;1566396527.366081;-0.5975279808044434;https://www.imdb.com//title/tt2106476/;https://www.imdb.com//title/tt2106476/;219727;200;True;
151;LOL;requests;1566396569.8029408;-0.6256921291351318;https://www.imdb.com//title/tt0266697/;https://www.imdb.com//title/tt0266697/;229760;200;True;
152;LOL;requests;1566396571.0986362;-0.6174628734588623;https://www.imdb.com//title/tt0108052/;https://www.imdb.com//title/tt0108052/;223642;200;True;
153;LOL;requests;1566396572.380285;-0.8502628803253174;https://www.imdb.com//title/tt0469494/;https://www.imdb.com//title/tt0469494/;222249;200;True;
154;LOL;requests;1566396573.893034;-0.533566951751709;https://www.imdb.com//title/tt0097165/;https://www.imdb.com//title/tt0097165/;217897;200;True;
155;LOL;requests;1566396575.161896;-2.0879669189453125;https://www.imdb.com//title/tt1979320/;https://www.imdb.com//title/tt1979320/;229749;200;True;
156;LOL;requests;1566396577.922911;-0.6414132118225098;https://www.imdb.com//title/tt0367110/;https://www.imdb.com//title/tt0367110/;236989;200;True;
157;LOL;requests;1566396579.242655;-0.7186181545257568;https://www.imdb.com//title/tt0119217/;https://www.imdb.com//title/tt0119217/;219317;200;True;
158;LOL;requests;1566396580.631129;-0.5453670024871826;https://www.imdb.com//title/tt0057012/;https://www.imdb.com//title/tt0057012/;229067;200;True;
159;LOL;requests;1566396581.847554;-0.5569071769714355;https://www.imdb.com//title/tt0075314/;https://www.imdb.com//title/tt0075314/;227166;200;True;
160;LOL;requests;1566396583.1376379;-0.8356301784515381;https://www.imdb.com//title/tt2380307/;https://www.imdb.com//title/tt2380307/;229240;200;True;
161;LOL;requests;1566396584.646585;-0.7253820896148682;https://www.imdb.com//title/tt0114709/;https://www.imdb.com//title/tt0114709/;225854;200;True;
162;LOL;requests;1566396586.04263;-0.6789259910583496;https://www.imdb.com//title/tt0076759/;https://www.imdb.com//title/tt0076759/;228421;200;True;
163;LOL;requests;1566396587.393486;-0.5988070964813232;https://www.imdb.com//title/tt0058946/;https://www.imdb.com//title/tt0058946/;211069;200;True;
164;LOL;requests;1566396588.7152011;-0.5503427982330322;https://www.imdb.com//title/tt0120382/;https://www.imdb.com//title/tt0120382/;221150;200;True;
165;LOL;requests;1566396589.933661;-0.5997958183288574;https://www.imdb.com//title/tt2106476/;https://www.imdb.com//title/tt2106476/;218193;200;True;
166;LOL;requests;1566396619.936959;-0.6833219528198242;https://www.imdb.com//title/tt0266697/;https://www.imdb.com//title/tt0266697/;231347;200;True;
167;LOL;requests;1566396621.290635;-0.6545038223266602;https://www.imdb.com//title/tt0108052/;https://www.imdb.com//title/tt0108052/;222661;200;True;
168;LOL;requests;1566396622.6125388;-0.6898150444030762;https://www.imdb.com//title/tt0469494/;https://www.imdb.com//title/tt0469494/;221979;200;True;
169;LOL;requests;1566396624.059077;-0.5124399662017822;https://www.imdb.com//title/tt0097165/;https://www.imdb.com//title/tt0097165/;218417;200;True;
170;LOL;requests;1566396625.2451992;-0.5651156902313232;https://www.imdb.com//title/tt1979320/;https://www.imdb.com//title/tt1979320/;228746;200;True;
171;LOL;requests;1566396626.4866502;-0.5594477653503418;https://www.imdb.com//title/tt0367110/;https://www.imdb.com//title/tt0367110/;236916;200;True;
172;LOL;requests;1566396627.730415;-0.5995757579803467;https://www.imdb.com//title/tt0119217/;https://www.imdb.com//title/tt0119217/;220477;200;True;
173;LOL;requests;1566396629.003318;-0.6656608581542969;https://www.imdb.com//title/tt0057012/;https://www.imdb.com//title/tt0057012/;229080;200;True;
174;LOL;requests;1566396630.553629;-0.595973014831543;https://www.imdb.com//title/tt0075314/;https://www.imdb.com//title/tt0075314/;228624;200;True;
175;LOL;requests;1566396631.893277;-0.740943193435669;https://www.imdb.com//title/tt2380307/;https://www.imdb.com//title/tt2380307/;227522;200;True;
176;LOL;requests;1566396633.335855;-0.6239907741546631;https://www.imdb.com//title/tt0114709/;https://www.imdb.com//title/tt0114709/;225829;200;True;
177;LOL;requests;1566396634.711566;-1.0317630767822266;https://www.imdb.com//title/tt0076759/;https://www.imdb.com//title/tt0076759/;231834;200;True;
178;LOL;requests;1566396636.481078;-0.6441118717193604;https://www.imdb.com//title/tt0058946/;https://www.imdb.com//title/tt0058946/;211268;200;True;
179;LOL;requests;1566396637.800679;-0.6096811294555664;https://www.imdb.com//title/tt0120382/;https://www.imdb.com//title/tt0120382/;220825;200;True;
180;LOL;requests;1566396639.08055;-1.0079641342163086;https://www.imdb.com//title/tt2106476/;https://www.imdb.com//title/tt2106476/;217991;200;True;
181;LOL;requests;1566397017.908822;-1.019986867904663;https://www.imdb.com//title/tt0266697/;https://www.imdb.com//title/tt0266697/;232947;200;True;
182;LOL;requests;1566397019.6134489;-0.7435362339019775;https://www.imdb.com//title/tt0108052/;https://www.imdb.com//title/tt0108052/;224212;200;True;
183;LOL;requests;1566397021.167647;-0.6847093105316162;https://www.imdb.com//title/tt0469494/;https://www.imdb.com//title/tt0469494/;225060;200;True;
184;LOL;requests;1566397022.569448;-0.618527889251709;https://www.imdb.com//title/tt0097165/;https://www.imdb.com//title/tt0097165/;218354;200;True;
185;LOL;requests;1566397023.871943;-0.5858840942382812;https://www.imdb.com//title/tt1979320/;https://www.imdb.com//title/tt1979320/;228671;200;True;
186;LOL;requests;1566397025.154688;-0.6317281723022461;https://www.imdb.com//title/tt0367110/;https://www.imdb.com//title/tt0367110/;235052;200;True;
187;LOL;requests;1566397026.476753;-0.5928401947021484;https://www.imdb.com//title/tt0119217/;https://www.imdb.com//title/tt0119217/;220756;200;True;
188;LOL;requests;1566397027.826499;-0.6595690250396729;https://www.imdb.com//title/tt0057012/;https://www.imdb.com//title/tt0057012/;229396;200;True;
189;LOL;requests;1566397029.183125;-0.6953010559082031;https://www.imdb.com//title/tt0075314/;https://www.imdb.com//title/tt0075314/;227347;200;True;
190;LOL;requests;1566397030.569866;-0.6891279220581055;https://www.imdb.com//title/tt2380307/;https://www.imdb.com//title/tt2380307/;228547;200;True;
191;LOL;requests;1566397031.961623;-0.7959001064300537;https://www.imdb.com//title/tt0114709/;https://www.imdb.com//title/tt0114709/;225147;200;True;
192;LOL;requests;1566397033.4415832;-0.8923468589782715;https://www.imdb.com//title/tt0076759/;https://www.imdb.com//title/tt0076759/;230982;200;True;
193;LOL;requests;1566397035.1645818;-0.9593982696533203;https://www.imdb.com//title/tt0058946/;https://www.imdb.com//title/tt0058946/;212091;200;True;
194;LOL;requests;1566397036.8179572;-0.6027977466583252;https://www.imdb.com//title/tt0120382/;https://www.imdb.com//title/tt0120382/;221310;200;True;
195;LOL;requests;1566397038.09894;-0.8478450775146484;https://www.imdb.com//title/tt2106476/;https://www.imdb.com//title/tt2106476/;217596;200;True;
196;LOL;requests;1566398580.6027908;-0.9732811450958252;https://www.imdb.com//title/tt0266697/;https://www.imdb.com//title/tt0266697/;232689;200;True;
197;LOL;requests;1566398582.3610098;-0.9394781589508057;https://www.imdb.com//title/tt0108052/;https://www.imdb.com//title/tt0108052/;224127;200;True;
198;LOL;requests;1566398583.97792;-0.7159719467163086;https://www.imdb.com//title/tt0469494/;https://www.imdb.com//title/tt0469494/;226050;200;True;
199;LOL;requests;1566398585.38563;-0.6640141010284424;https://www.imdb.com//title/tt0097165/;https://www.imdb.com//title/tt0097165/;217314;200;True;
200;LOL;requests;1566398586.729333;-0.788053035736084;https://www.imdb.com//title/tt1979320/;https://www.imdb.com//title/tt1979320/;224642;200;True;
201;LOL;requests;1566398588.202921;-0.5957062244415283;https://www.imdb.com//title/tt0367110/;https://www.imdb.com//title/tt0367110/;236188;200;True;
202;LOL;requests;1566398589.5545468;-0.6540501117706299;https://www.imdb.com//title/tt0119217/;https://www.imdb.com//title/tt0119217/;228620;200;True;
203;LOL;requests;1566398590.898658;-0.9189839363098145;https://www.imdb.com//title/tt0057012/;https://www.imdb.com//title/tt0057012/;231421;200;True;
204;LOL;requests;1566398592.516829;-0.6801249980926514;https://www.imdb.com//title/tt0075314/;https://www.imdb.com//title/tt0075314/;225852;200;True;
205;LOL;requests;1566398593.880764;-1.0104939937591553;https://www.imdb.com//title/tt2380307/;https://www.imdb.com//title/tt2380307/;229476;200;True;
206;LOL;requests;1566398595.643483;-0.8046629428863525;https://www.imdb.com//title/tt0114709/;https://www.imdb.com//title/tt0114709/;225505;200;True;
207;LOL;requests;1566398597.1548421;-0.8941688537597656;https://www.imdb.com//title/tt0076759/;https://www.imdb.com//title/tt0076759/;229081;200;True;
208;LOL;requests;1566398598.743474;-0.9074001312255859;https://www.imdb.com//title/tt0058946/;https://www.imdb.com//title/tt0058946/;211437;200;True;
209;LOL;requests;1566398600.324286;-0.6021239757537842;https://www.imdb.com//title/tt0120382/;https://www.imdb.com//title/tt0120382/;222409;200;True;
210;LOL;requests;1566398601.609994;-0.6758711338043213;https://www.imdb.com//title/tt2106476/;https://www.imdb.com//title/tt2106476/;220236;200;True;
3;LOL;requests;1566412044.923126;-0.8604481220245361;https://www.imdb.com//title/tt0266697/;https://www.imdb.com//title/tt0266697/;226720;200;True;
4;LOL;requests;1566412046.487196;-0.7500050067901611;https://www.imdb.com//title/tt0108052/;https://www.imdb.com//title/tt0108052/;227424;200;True;
5;LOL;requests;1566412047.940512;-0.7896130084991455;https://www.imdb.com//title/tt0469494/;https://www.imdb.com//title/tt0469494/;232216;200;True;
6;LOL;requests;1566412049.4166028;-1.176255226135254;https://www.imdb.com//title/tt0097165/;https://www.imdb.com//title/tt0097165/;217434;200;True;
7;LOL;requests;1566412051.338238;-0.824415922164917;https://www.imdb.com//title/tt1979320/;https://www.imdb.com//title/tt1979320/;229620;200;True;
8;LOL;requests;1566412052.851321;-0.7820889949798584;https://www.imdb.com//title/tt0367110/;https://www.imdb.com//title/tt0367110/;241189;200;True;
9;LOL;requests;1566412054.325374;-1.0379421710968018;https://www.imdb.com//title/tt0119217/;https://www.imdb.com//title/tt0119217/;222221;200;True;
10;LOL;requests;1566412056.046987;-0.6513168811798096;https://www.imdb.com//title/tt0057012/;https://www.imdb.com//title/tt0057012/;234184;200;True;
11;LOL;requests;1566412057.394306;-0.8233890533447266;https://www.imdb.com//title/tt0075314/;https://www.imdb.com//title/tt0075314/;229193;200;True;
12;LOL;requests;1566412059.0136452;-1.0039258003234863;https://www.imdb.com//title/tt2380307/;https://www.imdb.com//title/tt2380307/;228599;200;True;
13;LOL;requests;1566412060.702539;-0.9104089736938477;https://www.imdb.com//title/tt0114709/;https://www.imdb.com//title/tt0114709/;226440;200;True;
14;LOL;requests;1566412062.300237;-0.9324021339416504;https://www.imdb.com//title/tt0076759/;https://www.imdb.com//title/tt0076759/;229378;200;True;
15;LOL;requests;1566412063.916611;-0.7428219318389893;https://www.imdb.com//title/tt0058946/;https://www.imdb.com//title/tt0058946/;213095;200;True;
16;LOL;requests;1566412065.421469;-1.0954680442810059;https://www.imdb.com//title/tt0120382/;https://www.imdb.com//title/tt0120382/;221579;200;True;
17;LOL;requests;1566412067.19398;-0.6257410049438477;https://www.imdb.com//title/tt2106476/;https://www.imdb.com//title/tt2106476/;217827;200;True;
2;LOL;requests;1566418105.853021;-0.9049770832061768;https://www.imdb.com//title/tt2338151/;https://www.imdb.com//title/tt2338151/;237008;200;True;
3;LOL;requests;1566418107.50662;-0.8889131546020508;https://www.imdb.com//title/tt0012349/;https://www.imdb.com//title/tt0012349/;204572;200;True;
4;LOL;requests;1566418109.072756;-0.65470290184021;https://www.imdb.com//title/tt0113247/;https://www.imdb.com//title/tt0113247/;223123;200;True;
5;LOL;requests;1566418168.0428889;-0.8490030765533447;https://www.imdb.com//title/tt2338151/;https://www.imdb.com//title/tt2338151/;236099;200;True;
6;LOL;requests;1566418169.587252;-0.6402392387390137;https://www.imdb.com//title/tt0012349/;https://www.imdb.com//title/tt0012349/;205206;200;True;
7;LOL;requests;1566418170.894419;-0.6845390796661377;https://www.imdb.com//title/tt0113247/;https://www.imdb.com//title/tt0113247/;224584;200;True;
8;LOL;requests;1566418172.264014;-1.442018985748291;https://www.imdb.com//title/tt0110357/;https://www.imdb.com//title/tt0110357/;232352;200;True;
9;LOL;requests;1566418174.391554;-1.1790378093719482;https://www.imdb.com//title/tt1392214/;https://www.imdb.com//title/tt1392214/;230946;200;True;
10;LOL;requests;1566418176.336372;-0.6403121948242188;https://www.imdb.com//title/tt0169858/;https://www.imdb.com//title/tt0169858/;219804;200;True;
11;LOL;requests;1566418177.649326;-0.7482340335845947;https://www.imdb.com//title/tt0053604/;https://www.imdb.com//title/tt0053604/;213623;200;True;
12;LOL;requests;1566418179.076743;-1.0579681396484375;https://www.imdb.com//title/tt0107290/;https://www.imdb.com//title/tt0107290/;231382;200;True;
13;LOL;requests;1566418180.8751621;-0.9122018814086914;https://www.imdb.com//title/tt4430212/;https://www.imdb.com//title/tt4430212/;237247;200;True;
14;LOL;requests;1566418182.4806578;-0.7019331455230713;https://www.imdb.com//title/tt0407887/;https://www.imdb.com//title/tt0407887/;231468;200;True;
15;LOL;requests;1566418183.870736;-0.875953197479248;https://www.imdb.com//title/tt0116231/;https://www.imdb.com//title/tt0116231/;204679;200;True;
16;LOL;requests;1566418185.3718772;-1.296886682510376;https://www.imdb.com//title/tt0469494/;https://www.imdb.com//title/tt0469494/;230824;200;True;
17;LOL;requests;1566418187.353238;-1.2141668796539307;https://www.imdb.com//title/tt5027774/;https://www.imdb.com//title/tt5027774/;228459;200;True;
18;LOL;requests;1566418189.301196;-0.7460479736328125;https://www.imdb.com//title/tt0081398/;https://www.imdb.com//title/tt0081398/;226018;200;True;
19;LOL;requests;1566418190.7275898;-0.7453522682189941;https://www.imdb.com//title/tt0064115/;https://www.imdb.com//title/tt0064115/;222841;200;True;
20;LOL;requests;1566419517.868375;-0.903393030166626;https://www.imdb.com//title/tt2338151/;https://www.imdb.com//title/tt2338151/;237458;200;True;
21;LOL;requests;1566419519.466003;-0.6885020732879639;https://www.imdb.com//title/tt0012349/;https://www.imdb.com//title/tt0012349/;208344;200;True;
22;LOL;requests;1566419520.821652;-0.7344670295715332;https://www.imdb.com//title/tt0113247/;https://www.imdb.com//title/tt0113247/;213401;200;True;
23;LOL;requests;1566419522.18693;-0.982896089553833;https://www.imdb.com//title/tt0110357/;https://www.imdb.com//title/tt0110357/;230601;200;True;
24;LOL;requests;1566419523.8589911;-0.9533088207244873;https://www.imdb.com//title/tt1392214/;https://www.imdb.com//title/tt1392214/;224028;200;True;
25;LOL;requests;1566419525.558997;-0.8211841583251953;https://www.imdb.com//title/tt0169858/;https://www.imdb.com//title/tt0169858/;215635;200;True;
26;LOL;requests;1566419527.058269;-0.6194400787353516;https://www.imdb.com//title/tt0053604/;https://www.imdb.com//title/tt0053604/;214296;200;True;
27;LOL;requests;1566419528.351275;-0.7917561531066895;https://www.imdb.com//title/tt0107290/;https://www.imdb.com//title/tt0107290/;232858;200;True;
28;LOL;requests;1566419529.833358;-1.0256588459014893;https://www.imdb.com//title/tt4430212/;https://www.imdb.com//title/tt4430212/;239511;200;True;
29;LOL;requests;1566419531.57717;-0.7274401187896729;https://www.imdb.com//title/tt0407887/;https://www.imdb.com//title/tt0407887/;227875;200;True;
30;LOL;requests;1566419533.051716;-0.6932990550994873;https://www.imdb.com//title/tt0116231/;https://www.imdb.com//title/tt0116231/;205684;200;True;
31;LOL;requests;1566419534.3745658;-0.6013531684875488;https://www.imdb.com//title/tt0469494/;https://www.imdb.com//title/tt0469494/;229166;200;True;
32;LOL;requests;1566419535.6604018;-0.929868221282959;https://www.imdb.com//title/tt5027774/;https://www.imdb.com//title/tt5027774/;225469;200;True;
33;LOL;requests;1566419537.272157;-0.6507320404052734;https://www.imdb.com//title/tt0081398/;https://www.imdb.com//title/tt0081398/;224746;200;True;
34;LOL;requests;1566419538.604043;-0.7604291439056396;https://www.imdb.com//title/tt0064115/;https://www.imdb.com//title/tt0064115/;223363;200;True;
35;LOL;requests;1566419698.166903;-0.7373650074005127;https://www.imdb.com//title/tt2338151/;https://www.imdb.com//title/tt2338151/;238036;200;True;
36;LOL;requests;1566419699.6039271;-0.8036859035491943;https://www.imdb.com//title/tt0012349/;https://www.imdb.com//title/tt0012349/;214111;200;True;
37;LOL;requests;1566419701.08092;-0.5952169895172119;https://www.imdb.com//title/tt0113247/;https://www.imdb.com//title/tt0113247/;213979;200;True;
38;LOL;requests;1566419702.310077;-0.8089461326599121;https://www.imdb.com//title/tt0110357/;https://www.imdb.com//title/tt0110357/;237276;200;True;
39;LOL;requests;1566419703.86202;-0.7108709812164307;https://www.imdb.com//title/tt1392214/;https://www.imdb.com//title/tt1392214/;224246;200;True;
40;LOL;requests;1566419705.259289;-0.5671451091766357;https://www.imdb.com//title/tt0169858/;https://www.imdb.com//title/tt0169858/;215291;200;True;
41;LOL;requests;1566419706.4987452;-0.8186156749725342;https://www.imdb.com//title/tt0053604/;https://www.imdb.com//title/tt0053604/;214497;200;True;
42;LOL;requests;1566419707.993509;-0.738123893737793;https://www.imdb.com//title/tt0107290/;https://www.imdb.com//title/tt0107290/;233297;200;True;
43;LOL;requests;1566419709.418251;-0.9361100196838379;https://www.imdb.com//title/tt4430212/;https://www.imdb.com//title/tt4430212/;239283;200;True;
44;LOL;requests;1566419711.11306;-0.5464000701904297;https://www.imdb.com//title/tt0407887/;https://www.imdb.com//title/tt0407887/;228370;200;True;
45;LOL;requests;1566419712.342271;-0.9630429744720459;https://www.imdb.com//title/tt0116231/;https://www.imdb.com//title/tt0116231/;205154;200;True;
46;LOL;requests;1566419713.936286;-0.8016600608825684;https://www.imdb.com//title/tt0469494/;https://www.imdb.com//title/tt0469494/;231408;200;True;
47;LOL;requests;1566419715.4185011;-0.7957067489624023;https://www.imdb.com//title/tt5027774/;https://www.imdb.com//title/tt5027774/;224999;200;True;
48;LOL;requests;1566419716.915515;-0.7088611125946045;https://www.imdb.com//title/tt0081398/;https://www.imdb.com//title/tt0081398/;224675;200;True;
49;LOL;requests;1566419718.417343;-0.6760289669036865;https://www.imdb.com//title/tt0064115/;https://www.imdb.com//title/tt0064115/;224268;200;True;
50;LOL;requests;1566419729.7663941;-0.6373677253723145;https://www.imdb.com//title/tt2338151/;https://www.imdb.com//title/tt2338151/;237874;200;True;
51;LOL;requests;1566419731.0923688;-0.7074313163757324;https://www.imdb.com//title/tt0012349/;https://www.imdb.com//title/tt0012349/;214919;200;True;
52;LOL;requests;1566419732.469839;-0.6950910091400146;https://www.imdb.com//title/tt0113247/;https://www.imdb.com//title/tt0113247/;213827;200;True;
53;LOL;requests;1566419733.876749;-0.937507152557373;https://www.imdb.com//title/tt0110357/;https://www.imdb.com//title/tt0110357/;237364;200;True;
54;LOL;requests;1566419735.516221;-0.9917638301849365;https://www.imdb.com//title/tt1392214/;https://www.imdb.com//title/tt1392214/;224225;200;True;
55;LOL;requests;1566419737.3015318;-0.609525203704834;https://www.imdb.com//title/tt0169858/;https://www.imdb.com//title/tt0169858/;216605;200;True;
56;LOL;requests;1566419738.5888472;-0.6282958984375;https://www.imdb.com//title/tt0053604/;https://www.imdb.com//title/tt0053604/;213820;200;True;
57;LOL;requests;1566419739.9242098;-0.7772049903869629;https://www.imdb.com//title/tt0107290/;https://www.imdb.com//title/tt0107290/;233340;200;True;
58;LOL;requests;1566419741.564769;-0.7152969837188721;https://www.imdb.com//title/tt4430212/;https://www.imdb.com//title/tt4430212/;237635;200;True;
59;LOL;requests;1566419743.069128;-0.7275748252868652;https://www.imdb.com//title/tt0407887/;https://www.imdb.com//title/tt0407887/;229671;200;True;
60;LOL;requests;1566419744.482882;-0.583568811416626;https://www.imdb.com//title/tt0116231/;https://www.imdb.com//title/tt0116231/;204619;200;True;
61;LOL;requests;1566419745.693269;-0.8383948802947998;https://www.imdb.com//title/tt0469494/;https://www.imdb.com//title/tt0469494/;231152;200;True;
62;LOL;requests;1566419747.246656;-0.7697112560272217;https://www.imdb.com//title/tt5027774/;https://www.imdb.com//title/tt5027774/;224696;200;True;
63;LOL;requests;1566419748.763208;-0.719243049621582;https://www.imdb.com//title/tt0081398/;https://www.imdb.com//title/tt0081398/;225424;200;True;
64;LOL;requests;1566419750.167104;-0.7009809017181396;https://www.imdb.com//title/tt0064115/;https://www.imdb.com//title/tt0064115/;223897;200;True;
65;LOL;requests;1566419917.932797;-0.8184361457824707;https://www.imdb.com//title/tt2338151/;https://www.imdb.com//title/tt2338151/;237479;200;True;
66;LOL;requests;1566419919.4520829;-0.7677099704742432;https://www.imdb.com//title/tt0012349/;https://www.imdb.com//title/tt0012349/;214179;200;True;
67;LOL;requests;1566419920.886806;-0.6951439380645752;https://www.imdb.com//title/tt0113247/;https://www.imdb.com//title/tt0113247/;216596;200;True;
68;LOL;requests;1566419922.270905;-1.0685980319976807;https://www.imdb.com//title/tt0110357/;https://www.imdb.com//title/tt0110357/;235672;200;True;
69;LOL;requests;1566419924.029036;-0.8383140563964844;https://www.imdb.com//title/tt1392214/;https://www.imdb.com//title/tt1392214/;225973;200;True;
70;LOL;requests;1566419925.552244;-0.9959690570831299;https://www.imdb.com//title/tt0169858/;https://www.imdb.com//title/tt0169858/;215881;200;True;
71;LOL;requests;1566419927.21854;-1.4166369438171387;https://www.imdb.com//title/tt0053604/;https://www.imdb.com//title/tt0053604/;215996;200;True;
72;LOL;requests;1566419929.391289;-1.134538173675537;https://www.imdb.com//title/tt0107290/;https://www.imdb.com//title/tt0107290/;234223;200;True;
73;LOL;requests;1566419931.283094;-0.6710600852966309;https://www.imdb.com//title/tt4430212/;https://www.imdb.com//title/tt4430212/;237240;200;True;
74;LOL;requests;1566419932.643821;-1.0695099830627441;https://www.imdb.com//title/tt0407887/;https://www.imdb.com//title/tt0407887/;228487;200;True;
75;LOL;requests;1566419934.4099782;-0.6799559593200684;https://www.imdb.com//title/tt0116231/;https://www.imdb.com//title/tt0116231/;204889;200;True;
76;LOL;requests;1566419935.720051;-0.7526090145111084;https://www.imdb.com//title/tt0469494/;https://www.imdb.com//title/tt0469494/;231586;200;True;
77;LOL;requests;1566419937.213068;-0.9096739292144775;https://www.imdb.com//title/tt5027774/;https://www.imdb.com//title/tt5027774/;224136;200;True;
78;LOL;requests;1566419938.8490791;-0.7885289192199707;https://www.imdb.com//title/tt0081398/;https://www.imdb.com//title/tt0081398/;220585;200;True;
79;LOL;requests;1566419940.37209;-0.6622998714447021;https://www.imdb.com//title/tt0064115/;https://www.imdb.com//title/tt0064115/;224544;200;True;
80;LOL;requests;1566419941.882334;-0.9978570938110352;https://www.imdb.com//title/tt2338151/;https://www.imdb.com//title/tt2338151/;237137;200;True;
81;LOL;requests;1566419943.5768619;-0.5930943489074707;https://www.imdb.com//title/tt0012349/;https://www.imdb.com//title/tt0012349/;214965;200;True;
82;LOL;requests;1566419945.004884;-0.6489009857177734;https://www.imdb.com//title/tt0113247/;https://www.imdb.com//title/tt0113247/;217089;200;True;
9;LOL;requests;1566420244.356549;-1.1588099002838135;https://www.imdb.com//title/tt1345836/;https://www.imdb.com//title/tt1345836/;229461;200;True;
10;LOL;requests;1566420246.251957;-0.6698050498962402;https://www.imdb.com//title/tt0119488/;https://www.imdb.com//title/tt0119488/;224586;200;True;
11;LOL;requests;1566420247.673184;-0.7770140171051025;https://www.imdb.com//title/tt0091251/;https://www.imdb.com//title/tt0091251/;211041;200;True;
12;LOL;requests;1566420249.130239;-1.105931043624878;https://www.imdb.com//title/tt0093058/;https://www.imdb.com//title/tt0093058/;227007;200;True;
13;LOL;requests;1566420250.930469;-0.7385749816894531;https://www.imdb.com//title/tt0353969/;https://www.imdb.com//title/tt0353969/;220624;200;True;
14;LOL;requests;1566420252.3551118;-0.7180891036987305;https://www.imdb.com//title/tt0079470/;https://www.imdb.com//title/tt0079470/;219253;200;True;
15;LOL;requests;1566420253.811915;-0.7303721904754639;https://www.imdb.com//title/tt2106476/;https://www.imdb.com//title/tt2106476/;220183;200;True;
16;LOL;requests;1566420255.224834;-0.7271749973297119;https://www.imdb.com//title/tt0055031/;https://www.imdb.com//title/tt0055031/;216917;200;True;
17;LOL;requests;1566420256.7247722;-0.8345546722412109;https://www.imdb.com//title/tt0105695/;https://www.imdb.com//title/tt0105695/;221001;200;True;
18;LOL;requests;1566420258.24403;-0.7220790386199951;https://www.imdb.com//title/tt0025316/;https://www.imdb.com//title/tt0025316/;212411;200;True;
19;LOL;requests;1566420259.660751;-1.0369617938995361;https://www.imdb.com//title/tt0058946/;https://www.imdb.com//title/tt0058946/;214243;200;True;
20;LOL;requests;1566420261.4466481;-0.8542137145996094;https://www.imdb.com//title/tt0057115/;https://www.imdb.com//title/tt0057115/;220205;200;True;
21;LOL;requests;1566420263.02197;-0.8044068813323975;https://www.imdb.com//title/tt2380307/;https://www.imdb.com//title/tt2380307/;229714;200;True;
22;LOL;requests;1566420264.538211;-0.8341188430786133;https://www.imdb.com//title/tt0087843/;https://www.imdb.com//title/tt0087843/;223417;200;True;
23;LOL;requests;1566420266.067764;-1.9819839000701904;https://www.imdb.com//title/tt4154756/;https://www.imdb.com//title/tt4154756/;246359;200;True;
3;LOL;requests;1566420274.5101042;-0.8003518581390381;https://www.imdb.com//title/tt0095327/;https://www.imdb.com//title/tt0095327/;216028;200;True;
4;LOL;requests;1566420276.117153;-1.6191141605377197;https://www.imdb.com//title/tt0086190/;https://www.imdb.com//title/tt0086190/;227026;200;True;
5;LOL;requests;1566420278.471031;-0.8097801208496094;https://www.imdb.com//title/tt1345836/;https://www.imdb.com//title/tt1345836/;230063;200;True;
6;LOL;requests;1566420280.0428102;-0.7160975933074951;https://www.imdb.com//title/tt0050083/;https://www.imdb.com//title/tt0050083/;218586;200;True;
7;LOL;requests;1566420281.44073;-0.7916359901428223;https://www.imdb.com//title/tt0405159/;https://www.imdb.com//title/tt0405159/;224123;200;True;
8;LOL;requests;1566420282.924845;-0.94327712059021;https://www.imdb.com//title/tt0099685/;https://www.imdb.com//title/tt0099685/;223185;200;True;
9;LOL;requests;1566420284.617623;-0.6834878921508789;https://www.imdb.com//title/tt2758880/;https://www.imdb.com//title/tt2758880/;213707;200;True;
10;LOL;requests;1566420286.023315;-0.8004670143127441;https://www.imdb.com//title/tt0088763/;https://www.imdb.com//title/tt0088763/;228266;200;True;
11;LOL;requests;1566420287.5036721;-0.9732418060302734;https://www.imdb.com//title/tt3011894/;https://www.imdb.com//title/tt3011894/;219446;200;True;
12;LOL;requests;1566420289.16121;-0.9280569553375244;https://www.imdb.com//title/tt0019254/;https://www.imdb.com//title/tt0019254/;210435;200;True;
13;LOL;requests;1566420290.7785401;-0.7139678001403809;https://www.imdb.com//title/tt0071562/;https://www.imdb.com//title/tt0071562/;227459;200;True;
14;LOL;requests;1566420292.2327511;-0.6210429668426514;https://www.imdb.com//title/tt0015864/;https://www.imdb.com//title/tt0015864/;205906;200;True;
15;LOL;requests;1566420293.525159;-0.7908401489257812;https://www.imdb.com//title/tt0052618/;https://www.imdb.com//title/tt0052618/;221656;200;True;
16;LOL;requests;1566420295.0009909;-0.8564870357513428;https://www.imdb.com//title/tt0245712/;https://www.imdb.com//title/tt0245712/;226978;200;True;
17;LOL;requests;1566420296.537302;-0.6304440498352051;https://www.imdb.com//title/tt0018455/;https://www.imdb.com//title/tt0018455/;207564;200;True;
18;LOL;requests;1566421401.815372;-1.3377931118011475;https://www.imdb.com//title/tt0095327/;https://www.imdb.com//title/tt0095327/;216550;200;True;
19;LOL;requests;1566421403.838836;-0.8101789951324463;https://www.imdb.com//title/tt0086190/;https://www.imdb.com//title/tt0086190/;236602;200;True;
20;LOL;requests;1566421405.409044;-1.0180110931396484;https://www.imdb.com//title/tt1345836/;https://www.imdb.com//title/tt1345836/;227882;200;True;
21;LOL;requests;1566421407.239885;-0.5884838104248047;https://www.imdb.com//title/tt0050083/;https://www.imdb.com//title/tt0050083/;218619;200;True;
22;LOL;requests;1566421408.500312;-0.6625490188598633;https://www.imdb.com//title/tt0405159/;https://www.imdb.com//title/tt0405159/;223247;200;True;
23;LOL;requests;1566421409.845512;-1.4390411376953125;https://www.imdb.com//title/tt0099685/;https://www.imdb.com//title/tt0099685/;222119;200;True;
24;LOL;requests;1566421411.967456;-3.3382039070129395;https://www.imdb.com//title/tt2758880/;https://www.imdb.com//title/tt2758880/;219669;200;True;
25;LOL;requests;1566421415.9820611;-0.7620489597320557;https://www.imdb.com//title/tt0088763/;https://www.imdb.com//title/tt0088763/;228575;200;True;
26;LOL;requests;1566421417.4892852;-0.9561278820037842;https://www.imdb.com//title/tt3011894/;https://www.imdb.com//title/tt3011894/;220205;200;True;
27;LOL;requests;1566421419.1274219;-0.6541402339935303;https://www.imdb.com//title/tt0019254/;https://www.imdb.com//title/tt0019254/;210086;200;True;
28;LOL;requests;1566421420.4508219;-0.7524352073669434;https://www.imdb.com//title/tt0071562/;https://www.imdb.com//title/tt0071562/;226394;200;True;
29;LOL;requests;1566421421.889859;-1.5172770023345947;https://www.imdb.com//title/tt0015864/;https://www.imdb.com//title/tt0015864/;207519;200;True;
30;LOL;requests;1566421424.07472;-0.7425491809844971;https://www.imdb.com//title/tt0052618/;https://www.imdb.com//title/tt0052618/;218529;200;True;
31;LOL;requests;1566421425.5505931;-0.7144107818603516;https://www.imdb.com//title/tt0245712/;https://www.imdb.com//title/tt0245712/;228201;200;True;
32;LOL;requests;1566421426.9453619;-0.9089422225952148;https://www.imdb.com//title/tt0018455/;https://www.imdb.com//title/tt0018455/;209314;200;True;
4;LOL;requests;1566421649.10847;-1.2136461734771729;https://www.imdb.com//title/tt0120815/;https://www.imdb.com//title/tt0120815/;230869;200;True;
5;LOL;requests;1566421651.0954082;-0.8169238567352295;https://www.imdb.com//title/tt0084787/;https://www.imdb.com//title/tt0084787/;224016;200;True;
6;LOL;requests;1566421652.6280599;-0.6389451026916504;https://www.imdb.com//title/tt0113247/;https://www.imdb.com//title/tt0113247/;214644;200;True;
7;LOL;requests;1566421653.8991091;-0.6017329692840576;https://www.imdb.com//title/tt0018455/;https://www.imdb.com//title/tt0018455/;207860;200;True;
8;LOL;requests;1566421655.186622;-0.959942102432251;https://www.imdb.com//title/tt0118799/;https://www.imdb.com//title/tt0118799/;220482;200;True;
9;LOL;requests;1566421656.920733;-0.7900080680847168;https://www.imdb.com//title/tt0088247/;https://www.imdb.com//title/tt0088247/;227822;200;True;
10;LOL;requests;1566421658.5010428;-1.0022501945495605;https://www.imdb.com//title/tt1375666/;https://www.imdb.com//title/tt1375666/;237969;200;True;
11;LOL;requests;1566421660.188946;-0.8243229389190674;https://www.imdb.com//title/tt0114709/;https://www.imdb.com//title/tt0114709/;226683;200;True;
12;LOL;requests;1566421661.702604;-0.8571188449859619;https://www.imdb.com//title/tt0040897/;https://www.imdb.com//title/tt0040897/;213732;200;True;
13;LOL;requests;1566421663.249095;-0.7910330295562744;https://www.imdb.com//title/tt1895587/;https://www.imdb.com//title/tt1895587/;223945;200;True;
14;LOL;requests;1566421664.726652;-0.8661360740661621;https://www.imdb.com//title/tt0103064/;https://www.imdb.com//title/tt0103064/;240291;200;True;
15;LOL;requests;1566421666.36115;-0.80007004737854;https://www.imdb.com//title/tt4016934/;https://www.imdb.com//title/tt4016934/;223192;200;True;
16;LOL;requests;1566421667.804471;-0.8489217758178711;https://www.imdb.com//title/tt0367110/;https://www.imdb.com//title/tt0367110/;237874;200;True;
17;LOL;requests;1566421669.346923;-0.664923906326294;https://www.imdb.com//title/tt0027977/;https://www.imdb.com//title/tt0027977/;221518;200;True;
18;LOL;requests;1566421670.686018;-1.0613429546356201;https://www.imdb.com//title/tt0167261/;https://www.imdb.com//title/tt0167261/;231260;200;True;
2;LOL;requests;1566421761.402465;-1.0058867931365967;https://www.imdb.com//title/tt0017136/;https://www.imdb.com//title/tt0017136/;216964;200;True;
3;LOL;requests;1566421763.084883;-0.809877872467041;https://www.imdb.com//title/tt0031679/;https://www.imdb.com//title/tt0031679/;219572;200;True;
4;LOL;requests;1566421764.572198;-1.2725591659545898;https://www.imdb.com//title/tt0198781/;https://www.imdb.com//title/tt0198781/;227359;200;True;
5;LOL;requests;1566421766.5382662;-0.7088067531585693;https://www.imdb.com//title/tt0087544/;https://www.imdb.com//title/tt0087544/;220217;200;True;
6;LOL;requests;1566421767.977201;-0.6984820365905762;https://www.imdb.com//title/tt0050986/;https://www.imdb.com//title/tt0050986/;211286;200;True;
7;LOL;requests;1566421769.351768;-0.8097999095916748;https://www.imdb.com//title/tt1375666/;https://www.imdb.com//title/tt1375666/;237363;200;True;
8;LOL;requests;1566421770.912874;-0.8653528690338135;https://www.imdb.com//title/tt0050212/;https://www.imdb.com//title/tt0050212/;222574;200;True;
9;LOL;requests;1566421772.470691;-0.6464579105377197;https://www.imdb.com//title/tt0114814/;https://www.imdb.com//title/tt0114814/;231468;200;True;
10;LOL;requests;1566421773.800263;-1.0878498554229736;https://www.imdb.com//title/tt0045152/;https://www.imdb.com//title/tt0045152/;219508;200;True;
11;LOL;requests;1566421775.563841;-0.6814048290252686;https://www.imdb.com//title/tt1280558/;https://www.imdb.com//title/tt1280558/;237710;200;True;
12;LOL;requests;1566421777.076567;-0.6274001598358154;https://www.imdb.com//title/tt0095327/;https://www.imdb.com//title/tt0095327/;214975;200;True;
13;LOL;requests;1566421778.546317;-0.9124588966369629;https://www.imdb.com//title/tt0075148/;https://www.imdb.com//title/tt0075148/;226361;200;True;
14;LOL;requests;1566421780.141623;-0.7446060180664062;https://www.imdb.com//title/tt0119488/;https://www.imdb.com//title/tt0119488/;227793;200;True;
15;LOL;requests;1566421781.569424;-0.7650730609893799;https://www.imdb.com//title/tt0105695/;https://www.imdb.com//title/tt0105695/;221252;200;True;
16;LOL;requests;1566421783.013298;-0.8600649833679199;https://www.imdb.com//title/tt1853728/;https://www.imdb.com//title/tt1853728/;227696;200;True;
2;LOL;requests;1566421888.5222259;-0.7763791084289551;https://www.imdb.com//title/tt0057115/;https://www.imdb.com//title/tt0057115/;217642;200;True;
3;LOL;requests;1566421890.026849;-0.6559128761291504;https://www.imdb.com//title/tt0055630/;https://www.imdb.com//title/tt0055630/;218888;200;True;
4;LOL;requests;1566421891.3697972;-0.7220296859741211;https://www.imdb.com//title/tt0395169/;https://www.imdb.com//title/tt0395169/;218016;200;True;
5;LOL;requests;1566421892.77897;-0.6593701839447021;https://www.imdb.com//title/tt0093058/;https://www.imdb.com//title/tt0093058/;225910;200;True;
6;LOL;requests;1566421894.218115;-0.6698689460754395;https://www.imdb.com//title/tt1305806/;https://www.imdb.com//title/tt1305806/;221537;200;True;
7;LOL;requests;1566421895.573592;-0.8966820240020752;https://www.imdb.com//title/tt0062622/;https://www.imdb.com//title/tt0062622/;228413;200;True;
8;LOL;requests;1566421897.2103848;-0.674781322479248;https://www.imdb.com//title/tt1895587/;https://www.imdb.com//title/tt1895587/;223966;200;True;
9;LOL;requests;1566421898.580169;-0.804962158203125;https://www.imdb.com//title/tt2582802/;https://www.imdb.com//title/tt2582802/;229676;200;True;
10;LOL;requests;1566421900.105407;-0.6086981296539307;https://www.imdb.com//title/tt0116231/;https://www.imdb.com//title/tt0116231/;205056;200;True;
11;LOL;requests;1566421901.3399858;-0.6473479270935059;https://www.imdb.com//title/tt0031679/;https://www.imdb.com//title/tt0031679/;219470;200;True;
12;LOL;requests;1566421902.669548;-0.7151501178741455;https://www.imdb.com//title/tt0338013/;https://www.imdb.com//title/tt0338013/;226930;200;True;
13;LOL;requests;1566421904.1202402;-1.0386886596679688;https://www.imdb.com//title/tt1280558/;https://www.imdb.com//title/tt1280558/;237573;200;True;
14;LOL;requests;1566421905.8526149;-0.8911280632019043;https://www.imdb.com//title/tt0120737/;https://www.imdb.com//title/tt0120737/;232037;200;True;
15;LOL;requests;1566421907.427573;-1.025637149810791;https://www.imdb.com//title/tt0361748/;https://www.imdb.com//title/tt0361748/;228622;200;True;
16;LOL;requests;1566421909.145312;-1.1202061176300049;https://www.imdb.com//title/tt4633694/;https://www.imdb.com//title/tt4633694/;226514;200;True;
2;LOL;requests;1566421934.4496498;-1.1338250637054443;https://www.imdb.com//title/tt0081505/;https://www.imdb.com//title/tt0081505/;227240;200;True;
3;LOL;requests;1566421936.311174;-0.8216991424560547;https://www.imdb.com//title/tt0116282/;https://www.imdb.com//title/tt0116282/;229242;200;True;
4;LOL;requests;1566421937.83173;-0.8909561634063721;https://www.imdb.com//title/tt0071562/;https://www.imdb.com//title/tt0071562/;226430;200;True;
5;LOL;requests;1566421939.412572;-0.670680046081543;https://www.imdb.com//title/tt0107207/;https://www.imdb.com//title/tt0107207/;212557;200;True;
6;LOL;requests;1566421940.80945;-0.6535511016845703;https://www.imdb.com//title/tt0060196/;https://www.imdb.com//title/tt0060196/;223292;200;True;
7;LOL;requests;1566421942.146503;-0.8609580993652344;https://www.imdb.com//title/tt0107290/;https://www.imdb.com//title/tt0107290/;231194;200;True;
8;LOL;requests;1566421943.749773;-0.7465758323669434;https://www.imdb.com//title/tt0070735/;https://www.imdb.com//title/tt0070735/;220531;200;True;
9;LOL;requests;1566421945.1771321;-0.7197527885437012;https://www.imdb.com//title/tt0253474/;https://www.imdb.com//title/tt0253474/;223381;200;True;
10;LOL;requests;1566421946.576891;-0.9122819900512695;https://www.imdb.com//title/tt3011894/;https://www.imdb.com//title/tt3011894/;220184;200;True;
11;LOL;requests;1566421948.167617;-0.7870059013366699;https://www.imdb.com//title/tt0072684/;https://www.imdb.com//title/tt0072684/;218257;200;True;
12;LOL;requests;1566421949.6406121;-0.5986008644104004;https://www.imdb.com//title/tt0053198/;https://www.imdb.com//title/tt0053198/;212635;200;True;
13;LOL;requests;1566421950.96367;-0.7932631969451904;https://www.imdb.com//title/tt0092005/;https://www.imdb.com//title/tt0092005/;222516;200;True;
14;LOL;requests;1566421952.4343271;-0.7615528106689453;https://www.imdb.com//title/tt1954470/;https://www.imdb.com//title/tt1954470/;242925;200;True;
15;LOL;requests;1566421953.840859;-0.7463898658752441;https://www.imdb.com//title/tt0169102/;https://www.imdb.com//title/tt0169102/;240514;200;True;
16;LOL;requests;1566421955.2815008;-1.1873342990875244;https://www.imdb.com//title/tt1280558/;https://www.imdb.com//title/tt1280558/;236142;200;True;